brand,material_raw,price_current,price_mrp,product_id,rating,review_count,title
Avantika Fashion,kanjivaram,565.0,2499.0,B0F59L8NJ8,,3.7,56.0,kanjivaram soft semi silk banarasi sarees with blouse piece
New Season,kanjivaram,1899.0,8999.0,B0G6JSD65Q,,,,kanjivaram pure soft silk saree with unstitched blouse piece
SGF11,kanjivaram,1999.0,8999.0,B0DHXXLQKB,,3.8,116.0,kanjivaram pure soft silk handloom saree pure golden zari with blouse piece
C J Enterprise,kanjivaram,599.0,999.0,B0DV4GZ3DD,,4.2,280.0,pure kanjivaram silk saree paithani soft wedding sarees with blouse piece (chand paithani)
SIRIL,kanjivaram,729.0,3799.0,B0DRNJ7GPX,,3.8,20.0,jacquard kanjivaram soft silk saree pure silk with unstitched blouse piece
Avantika Fashion,kanjivaram,879.0,2499.0,B0DG2XJL3P,,3.9,107.0,kanjivaram style soft silk banarasi sarees with blouse piece
Avantika Fashion,silk,441.0,3699.0,B0CD2BDPYP,,3.7,352.0,wonderful lichi silk saree with blouse piece
C J Enterprise,banarasi,549.0,999.0,B0D45NC7B6,,3.8,342.0,banarasi pure kanjivaram silk saree soft design with blouse piece for wedding (golaline-51)
SGF11,kanjivaram,1497.0,8999.0,B0F6V9BLFJ,,3.8,24.0,kanjivaram pure soft silk saree with unstitched blouse piece
SIRIL,kanjivaram,1339.0,6299.0,B0DRKBNGF7,,3.7,138.0,kanjivaram silk saree pure silk banarasi saree with unstitched blouse piece
Flosive,banarasi,929.0,4500.0,B0DRG1W73Q,,3.1,65.0,present banarasi soft lichi silk saree beautiful jacquard rich pallu design work zari woven kanjivaram silk style 3305 saree with soft lichi silk blouse piece
Generic,kanjivaram,1499.0,3499.0,B0FM4FPFZ1,,,,pure kanjivaram silk saree – wedding & festival collection
Glory Sarees,,499.0,3999.0,B0F3P6PRBW,,3.9,7700.0,glory sarees
SGF11,kanjivaram,907.0,8999.0,B0CJ39T7VN,,3.7,24.0,kanjivaram pure soft silk handloom saree pure golden zari with blouse piece
NEW COLLECTION,kanjivaram,740.0,1599.0,B0CXF4ZKQR,,4.7,4.0,plain original kanjivaram silver white zari border banarasi satin saree women kanchipuram pure paithani soft lichi mysore silk traditional jacquard new ladies sadi with blouse piece
Avantika Fashion,kanjivaram,571.0,3699.0,B0CCYS1RT3,,3.8,140.0,"kanjivaram soft pure silk banarasi sarees with blouse piece, red"
SGF11,kanjivaram,1299.0,4999.0,B0D4MFGJY8,,4.3,462.0,kanjivaram soft cotton linen silk saree with unstitched blouse piece
ZECVA,kanjivaram,1999.0,5999.0,B0DTKK69V7,,3.9,22.0,pure kanchipuram kanjivaram silk saree with zari and smooth thread weaving all over saree attach with unstitch blouse piece
New Season,kanjivaram,1999.0,8999.0,B0G39M1PDZ,,,,kanjivaram pure soft silk saree with unstitched blouse piece
New Season,kanjivaram,1499.0,8999.0,B0G1BC1RF3,,4.0,1.0,kanjivaram pure soft silk saree with unstitched blouse piece
SWORNOF,kanjivaram,999.0,4999.0,B0BRVDBYQR,,4.0,753.0,kanjivaram banarasi silk saree patola saree with unstitched blouse piece
Sugathari,banarasi,499.0,2499.0,B0CKTGCFQZ,,3.8,235.0,banarasi saree pure kanjivaram silk saree soft new ladies 2023 design wear pattu sarees latest cotton party sari collections with blouse piece for wedding sadi (sam san 9016)
Sugathari,banarasi,499.0,2499.0,B0CKL7JDP6,,4.0,267.0,banarasi saree pure kanjivaram silk saree soft new ladies 2023 design wear pattu sarees latest cotton party sari collections with blouse piece for wedding sadi (pari 63 new wine)
C J Enterprise,banarasi,499.0,999.0,B0D6W829W6,,4.0,265.0,banarasi saree pure kanjivaram style silk saree with blouse piece for wedding (keributti-51)
Sugathari,banarasi,499.0,2499.0,B0DWJY86DN,,3.8,202.0,banarasi saree pure kanjivaram silk saree soft new ladies 2025 design wear pattu sarees latest sadi party sari collections with blouse piece (san pari-225)
SGF11,kanjivaram,1499.0,8999.0,B0FF51RBLP,,4.1,18.0,kanjivaram pure soft silk saree with unstitched blouse piece
MARGI DESIGNERS,kanjivaram,1999.0,6999.0,B0FHQQWZMS,,3.7,17.0,new latest bollywood style kanjivaram soft silk narayan paithani pure zari woven saree with blouse | saree (manasi naik)
Fratona,kanjivaram,599.0,4499.0,B0F99LCWVW,,3.8,63.0,kanjivaram soft silk banarasi saree with blouse piece | banarasi sari | saree with blosepiece
Generic,kanjivaram,499.0,2599.0,B0GHP8YCDQ,,,,kanjivaram soft lichi silk saree contrast border zari woven rich pallu with blouse piece
Yashika,banarasi,599.0,1799.0,B0FTZ4T7DR,,4.5,79.0,women banarasi kanjivaram silk saree set with blouse |saree | saree | new sari | latest saree
SGF11,kanjivaram,1499.0,8999.0,B0FFMR45TG,,4.3,161.0,kanjivaram paithani silk saree with unstitched blouse piece
Sugathari,banarasi,499.0,2499.0,B0CKL7B997,,3.9,589.0,banarasi saree pure kanjivaram silk saree soft new ladies 2023 design wear pattu sarees latest cotton party sari collections with blouse piece for wedding sadi (pari 122 maroon)
SIRIL,banarasi,598.0,2499.0,B0FHWLBXYZ,,3.6,470.0,soft banarasi silk jacquard saree with unstitched blouse piece
Pujia Mills,kanjivaram,799.0,3000.0,B0FD7MT98L,,3.5,2.0,zari work kanjivaram soft pure silk banarasi sarees with unstitched blouse piece
C J Enterprise,kanjivaram,599.0,2999.0,B0F6LNVXNV,,3.6,321.0,pure soft kanjivaram cotton silk saree banarasi style with blouse piece for wedding (cotton-lavender)
SIRIL,banarasi,479.0,2919.0,B0DP7GCWLD,,4.0,141.0,banarasi silk saree pure silk saree with unstitched blouse piece
SIRIL,kanjivaram,1498.0,5399.0,B0DRS25XJB,,5.0,1.0,kanjivaram silk saree pure silk banarasi saree with unstitched blouse piece
C J Enterprise,kanjivaram,599.0,2999.0,B0DV4KGZ3D,,4.0,84.0,pure kanjivaram silk saree soft paithani wedding sarees with blouse piece (nath paithani)
SGF11,kanjivaram,1298.0,8999.0,B0F6V69NPT,,4.6,3.0,kanjivaram pure soft silk saree with unstitched blouse piece
SGF11,kanjivaram,899.0,8999.0,B0FHWDGSTJ,,3.6,145.0,kanjivaram ready to wear silk saree with blouse piece
SIRIL,kanjivaram,479.0,2535.0,B0DKBZQ2XQ,,4.0,38.0,kanjivaram soft silk saree with unstitched blouse piece
SGF11,kanjivaram,1596.0,8999.0,B0DF2ZBPZ7,,4.0,110.0,kanjivaram pure handloom soft silk saree with blouse piece
Sumaira Tex,kanjivaram,1799.0,6595.0,B0DF8PZ3P8,,3.5,27.0,sarees for paithani sarees 2024 saree sari sadi kanjivaram sarees kanjivaram silk saree
SGF11,kanjivaram,2487.0,8999.0,B0DQKTYS9S,,4.1,4.0,kanjivaram patola pure soft silk saree for with unstitched blouse piece
Avantika Fashion,kanjivaram,949.0,2499.0,B0FJ8T72B9,,,,pure kanjivaram soft silk saree banarasi style sarees for wedding with blouse piece
Sugathari,banarasi,499.0,2499.0,B0DWJT1PFG,,3.8,53.0,banarasi saree pure kanjivaram silk saree soft new ladies 2025 design wear pattu sarees latest sadi party sari collections with blouse piece (san pari-223)
Sugathari,banarasi,499.0,2299.0,B0CRYF7Z7J,,4.0,99.0,banarasi saree pure kanjivaram silk saree soft new ladies 2023 design wear pattu sarees latest cotton party sari collections with blouse piece for wedding sadi (sam pari s-3)
New Season,kanjivaram,1999.0,8999.0,B0G39N16TX,,,,kanjivaram pure soft silk saree with unstitched blouse piece
Glory Sarees,,499.0,3999.0,B099NT15H2,,4.0,583.0,glory sarees
MADHUHANSH,kanjivaram,1499.0,2999.0,B0DNQ7KZV2,,4.4,76.0,kanjivaram banarasi silk saree zari woven for festival wedding silk with rich pallu design sarees with unstitched blouse piece
Avantika Fashion,kanjivaram,405.0,2499.0,B0DCBYDYN1,,3.9,85.0,kanjivaram soft silk banarasi sarees with blouse piece
Rekha Maniyar,banarasi,1443.0,4999.0,B09MWF34QH,,4.1,686.0,women’s banarasi silk saree with unstitched blouse | woven zari floral foil print design | 5.5 m saree with 0.8 m blouse | festive & casual
SWORNOF,silk,999.0,3999.0,B0C3VHMRPH,,4.0,383.0,silk kanjivaram kanchipuram saree with blouse piece
SWORNOF,,999.0,4999.0,B0CZHTFXL7,,4.1,710.0,swornof
SWORNOF,,1999.0,4999.0,B0F93S1DZ6,,4.2,640.0,swornof
SWORNOF,,999.0,5000.0,B0D66M1D74,,4.2,304.0,swornof
WOMEN ELEGENCE,banarasi,649.0,2699.0,B0F66PYQZH,,4.0,63.0,banarasi silk saree with intricate gold zari weaving & unstitched blouse piece – traditional indian wedding attire
SGF11,kanjivaram,1698.0,5999.0,B0F837Z4Q1,,3.0,4.0,kanjivaram pure soft silk saree with blouse piece
Best seller,banarasi,449.0,1799.0,B0CDQD4CVS,,4.0,1900.0,trendy banarasi kanjivaram navy color art silk saree with blouse material
SWORNOF,silk,999.0,4999.0,B0FB32JPN7,,4.1,662.0,pure silk saree with blouse piece
Sugathari,banarasi,499.0,2299.0,B0DXQ5HRZN,,4.2,75.0,banarasi saree pure kanjivaram silk saree soft new ladies 2025 design wear pattu sarees latest sadi party sari collections with blouse piece (san pari-226)
DHIHA,cotton,1299.0,2999.0,B0FZB7TBJD,,4.1,13.0,original maheswari cotton silk saree | kanjivaram pure silk cotton sari with blouse | zari work | tassels | handloom weave
Satrani,silk,1629.0,5429.0,B0FDB8Q4MY,,4.1,153.0,silk weaving banarasi saree with unstitched blouse piece
NEW COLLECTION,banarasi,699.0,799.0,B0FTXRRN2X,,4.2,8.0,red banarasi satin kanjivaram saree silver zari pure soft blend silk lal saree women pure kanchipuram paithani mysore silk pary wedding jacquard new ladies sari with blouse piece
SWORNOF,,1799.0,4999.0,B0D14S9Q3X,,4.2,640.0,swornof
JANOI,kanjivaram,499.0,1799.0,B0FVXXL5M3,,5.0,1.0,pure kanjivaram silk saree soft banarasi style wedding with blouse piece | saree | new sari
Mehrang,kanjivaram,1329.0,3999.0,B0DQL5ZRCC,,3.9,20.0,pure kanjivaram silk saree banarasi silk wedding sarees with blouse piece
BRAHMAKHODAL,silk,999.0,3499.0,B0GHYST66G,,3.0,1.0,crepe muga silk saree bandhani pattern all over rich kanjivaram border floral printed pallu with blouse piece
Avantika Fashion,kanjivaram,441.0,2999.0,B0CRVBJQFP,,3.7,221.0,kanjivaram soft pure silk banarasi sarees with blouse piece
SATIKA VASTRAM,silk,1614.0,2499.0,B0D8FZS3SW,,4.1,12.0,tussar silk saree solid design pure soft thread weaving contrast border and rich pallu with blouse piece
Avantika Fashion,kanjivaram,703.0,2999.0,B0D1GDP1G4,,5.0,2.0,kanjivaram soft semi silk banarasi sarees with blouse piece.
Mehrang,banarasi,1329.0,3999.0,B0FCMR67XF,,4.0,45.0,"banarasi silk kanjivaram saree for wedding with pure zari work, woven design, with unstitched blouse piece"
Sugathari,banarasi,499.0,2499.0,B0DWJS9T63,,4.1,109.0,banarasi saree pure kanjivaram silk saree soft new ladies 2025 design wear pattu sarees latest sadi party sari collections with blouse piece (san pari-222)
SGF11,kanjivaram,1499.0,8999.0,B0F7Y465Z5,,3.0,2.0,kanjivaram pure soft silk saree with unstitched blouse piece (multi colour)
New Season,,499.0,1799.0,B0GLHKZN1X,,4.2,4.0,shasmi
C J Enterprise,kanjivaram,699.0,999.0,B0D7VR8LD2,,3.8,1300.0,pure kanjivaram soft silk saree banarasi style sarees for wedding with blouse piece (almari-51)
Avantika Fashion,kanjivaram,474.0,2499.0,B0DDC6NCR4,,3.6,33.0,kanjivaram soft silk banarasi sarees with blouse piece
New Season,,599.0,1799.0,B0GLGZF583,,5.0,1.0,shasmi
Avantika Fashion,kanjivaram,432.0,2499.0,B0D1G8B81B,,3.8,226.0,kanjivaram soft semi silk banarasi sarees with blouse piece.
Avantika Fashion,kanjivaram,586.0,3999.0,B0BRSGCNTT,,4.0,161.0,kanjivaram soft semi silk banarasi sarees with blouse piece.
Avantika Fashion,kanjivaram,402.0,3999.0,B0C7GV6P8R,,3.7,335.0,kanjivaram soft lichi silk banarasi sarees with blouse piece
Yashika,banarasi,498.0,1799.0,B0FFTKKPRB,,4.3,257.0,banarasi kanjivaram silk woven saree | animal printed patola silk saree
SIRIL,kanjivaram,1658.0,5999.0,B0F2FZ2F6N,,2.9,22.0,kanjivaram soft silk jacquard saree with unstitched blouse piece
dB DESH BIDESH,kanjivaram,665.0,4299.0,B0C6NSGX7C,,3.7,166.0,women’s kanjivaram style cotton silk saree banarasi saree for wedding soft silk saree party wear traditional gulab designer saree with blouse piece
New Season,kanjivaram,1899.0,8999.0,B0G2XJ9FW2,,5.0,1.0,kanjivaram pure soft silk saree with unstitched blouse piece
Necwa,kanjivaram,848.0,2999.0,B0G3WB5WRM,,4.1,5.0,kanjivaram lichi silk traditional saree with attach unstitch blouse piece
New Season,kanjivaram,1999.0,8999.0,B0G486GYQ8,,,,kanjivaram pure soft silk saree with unstitched blouse piece
SATIKA VASTRAM,kanjivaram,1424.0,2999.0,B0D3QJ3GK8,,5.0,1.0,kanjivaram silk saree with pure soft zari woven floral design with heavy contrast border and pallu attach blouse piece
Sugathari,banarasi,549.0,2299.0,B0CRYBCQJ2,,3.8,161.0,banarasi saree pure kanjivaram silk saree soft new ladies 2023 design wear pattu sarees latest party sari collections with blouse piece for wedding sadi (sam pari s-6)
New Season,,499.0,1799.0,B0GLHMTFLM,,5.0,6.0,shasmi
C J Enterprise,kanjivaram,549.0,999.0,B0CRBBVK2S,,4.1,120.0,women’s pure kanjivaram soft silk saree banarasi style ladies sadi with blouse piece for wedding (eagle-3-51)
New Season,kanjivaram,1299.0,8999.0,B0G1YMSRGS,,,,kanjivaram pure soft silk saree with unstitched blouse piece
New Season,banarasi,499.0,1799.0,B0GN8YYHZ2,,,,banarasi saree pure kanjivaram silk saree soft new ladies 2026 design wear pattu sarees latest cotton party sari collections with blouse piece for wedding sadi (pari 73)
Glory Sarees,,999.0,3499.0,B0FW4HHWLZ,,4.0,1.0,glory sarees
SWORNOF,,999.0,3999.0,B0CM1WB5P2,,4.1,140.0,swornof
Sugathari,banarasi,499.0,2499.0,B0CKL78ZBN,,3.9,30.0,banarasi saree pure kanjivaram silk saree soft new ladies 2023 design wear pattu sarees latest cotton party sari collections with blouse piece for wedding sadi (pari 181 maroon)
Avantika Fashion,kanjivaram,791.0,2499.0,B0DTHL8M7M,,3.8,26.0,kanjivaram soft silk banarasi sarees with blouse piece
iZibra,cotton,1398.0,1999.0,B09V54Z1WS,,4.0,72.0,sarees wear cotton silk banarasi sari kanjivaram soft 2024 wedding original pure kanchipuram pattu sadi with blouse piece (barmasi)
NEW COLLECTION,banarasi,737.0,1999.0,B0FVG5YGWV,,3.5,5.0,banarasi satin kanjivaram saree wine silver zari pure soft blend silk saree satin women pure kanchipuram paithani silk party wedding new ladies wine color sari with blouse piece
New Season,kanjivaram,1699.0,8999.0,B0G34ZY7HH,,5.0,2.0,kanjivaram organza paithani pure soft silk saree with blouse piece
AKHILAM,cotton,1399.0,7679.0,B07J2MQKGF,,3.9,1300.0,cotton silk botanical woven design saree with unstitched blouse piece
Generic,,1299.0,2499.0,B0FF24P7DF,,5.0,1.0,shirodhari chanderi silk fancy saree with unstitched blouse (label_1)
Sugathari,,499.0,1799.0,B0FM7JMMMM,,4.3,51.0,"maroon banarasi kanchipuram art silk saree – traditional wedding & party saree with blouse piece – ethnic indian silk saree for bridal, festive (ks-156)"
Manvicare,,399.0,599.0,B0DNNH6XS3,,3.0,2.0,"plain chanderi silk yellow orange haldi color for haldi function, ceremony for girls,women saree, 45 inches width, 5.5 meters length"
Yashika,,498.0,1799.0,B0DS8KR7VT,,4.1,109.0,banarasi kanjivaram cotton silk woven saree with unstitched blouse material
GAJARAI,,1099.0,5495.0,B0BZQ1QFDD,,5.0,1.0,chanderi cotton silk saree with blouse piece (kashvi)
SHREGHAR FASHION,,849.0,3999.0,B0GHH6S96C,,,,"women’s chanderi cotton silk saree | fancy designer traditional ethnic saree with unstitched blouse for festive, wedding & family functions(cream,brown print)"
SIRIL,,479.0,2919.0,B0DP7DYQXW,,3.8,139.0,pure kanjivaram silk saree soft sarees banarasi style with blouse piece for wedding
Sugathari,,499.0,1799.0,B0FM7K8D7B,,4.4,25.0,"indigo blue banarasi kanchipuram silk saree – traditional wedding & party saree with blouse piece – ethnic indian silk saree for bridal, festive (ks-102)"
Amazon Brand - Anarva,,1599.0,6500.0,B0BSQXKKM8,,3.9,340.0,silk saree with blouse piece | saree
Yashika,,799.0,1799.0,B0FRXX78M9,,,,chanderi silk floral printed saree with unstitched blouse piece |saree | new sari | latest saree_az-ya-og2-toofaan chiku
C J Enterprise,,549.0,2999.0,B0F8ZLHTGK,,4.2,820.0,kanjivaram silk sari pure banarasi soft silk sarees with blouse piece for wedding (pari100-51)
Avantika Fashion,,391.0,2499.0,B0CY2JBP58,,3.8,567.0,kanjivaram soft pure silk banarasi sarees with blouse piece
JYA - PAMPER YOURSELF,,798.0,2999.0,B0FK55X2MM,,3.6,3.0,jya chanderi silk sarees | traditional ethnic printed design soft fabric sari for wedding & party with blouse piece
MIRCHI FASHION,,599.0,37911.0,B0CMTYDHWJ,,4.0,294.0,silk blend floral printed saree with blouse piece
C J Enterprise,,549.0,2999.0,B0F8W62MQ6,,4.1,303.0,banarasi saree pure kanjivaram style silk saree with blouse piece for wedding (bs09)
SWORNOF,,1199.0,3500.0,B0CCPHFNV6,,4.0,16.0,kanjivaram silk saree with zari woven saree with blouse piece
SGF11,,849.0,5999.0,B0CRV425WD,,4.2,631.0,kanjivaram soft cotton linen silk saree with blouse piece
Jaanvi fashion,,591.0,2299.0,B0CTFHJHBW,,3.9,533.0,kanchipuram silk sarees with zari & blouse piece
SWORNOF,,999.0,3999.0,B0FBMH2BZK,,4.0,383.0,silk kanjivaram kanchipuram saree with blouse piece
Silk Zone,,799.0,4444.0,B0DWN6FF5R,,3.1,2.0,digital printed chanderi saree
SWORNOF,,999.0,4000.0,B0F74B1JG8,,4.0,753.0,kanjivaram banarasi silk saree patola saree with unstitched blouse piece
C J Enterprise,,549.0,2999.0,B0F8ZH1BWP,,3.9,889.0,pure kanjivaram silk saree banarasi soft sari with blouse piece for wedding (pari124-50)
Generic,,799.0,1499.0,B0DKC8K64K,,3.5,11.0,cream off white chanderi cotton embroidered saree with maroon kalamkari printed blouse piece material (monika 9)
PALLU PATARI,,999.0,2369.0,B0FMQ8HNNY,,5.0,1.0,chanderi mulmul saree with zari woven border & unstitched blouse piece
AKHILAM,,1299.0,4979.0,B0DG5J8G8Y,,4.1,40.0,mysore silk kalamkari printed saree with unstitched blouse (sivnya101_su_parent)
JANOI,,799.0,1799.0,B0G34CSM46,,5.0,1.0,chanderi silk beautiful floral printed saree with blouse piece (az-jn-og1-saraswati chiku)
StyleScope,,599.0,2999.0,B0D9MHJNQY,,4.0,224.0,printed dola silk sequence boarder warli art saree with unstitched blouse piece (warli sequence)
RAJESHWAR FASHION WITH RF,,699.0,2999.0,B0GKYFTGGR,,,,rajeshwar fashion women chanderi silk floral printed saree with unstitched blouse piece |saree | new sari | latest saree
KALKI,,3996.0,4995.0,B0GDQHRDTX,,,,fashion mustard yellow zari woven chanderi saree with unstitched blouse
Generic,,799.0,1499.0,B0DKC8VK2W,,3.0,15.0,cream off white chanderi cotton embroidered saree with maroon kalamkari printed blouse piece material (monika 1)
Satrani,,1059.0,7139.0,B0BVMJFFNY,,3.8,298.0,tabby silk banarasi jacquard saree with unstitched blouse piece
VJ Fashion,,369.0,1199.0,B0DM1VV465,,3.8,371.0,women kerala silk blend saree with blouse piece_freesize
Generic,,999.0,1599.0,B0GD7Y2HHH,,,,"chanderi silk hand batik printed bhagalpuri saree with running blouse, deep red colour"
SHRISTI CLOTHINGS,,1599.0,2999.0,B0G949JGXT,,,,hand embroiderd kantha work chanderi silk saree with blouse piece
Avantika Fashion,,879.0,2499.0,B0DSG8H87P,,3.9,107.0,kanjivaram style soft silk banarasi sarees with blouse piece
JANOI,,799.0,1799.0,B0G1BSQBH8,,,,chanderi silk beautiful lace with tassels saree with blouse piece
Fratona,,849.0,4499.0,B0F9WY2DYZ,,4.1,79.0,kanjivaram soft silk banarasi saree with blouse piece | banarasi sari | saree with blosepiece
Apaapi threads of glory,,2999.0,5000.0,B0D3B129ZN,,,,purple tie and dye pure silk chanderi zari saree with unstitched blouse piece
Fratona,,599.0,4499.0,B0FN84MR2Q,,,,kanjivaram soft lichi silk saree beautiful jacquard rich pallu design work zari with blouse piece
Monjolika Fashion,,799.0,4999.0,B0983KYN29,,3.9,395.0,banarasi silk saree with blouse piece.
TEEJH,,2629.0,15999.0,B0CC5SX4YN,,5.0,1.0,spiced beige block print chanderi cotton saree with blouse piece
Mehrang,,1299.0,3999.0,B0DF5896WQ,,4.1,254.0,pure kanjivaram silk saree banarasi silk wedding sarees with blouse piece
GHAN SALS,,1299.0,3249.0,B0FBGLM62S,,,,double shade chanderi silk fancy saree with unstitched blouse
Pandadi Saree,,2649.0,8899.0,B0GDF6S45Y,,,,"soft chanderi cotton saree with zari woven pattu border, bagru double batik hand block print, cotton tassels on pallu, and matching chanderi hand block printed blouse piece"
SWORNOF,,949.0,4999.0,B0C62DX2G9,,4.1,11.0,kanjivaram banarasi silk saree patola saree with unstitched blouse piece
OISHANI SAREE GHOR,,1499.0,4599.0,B0DRCL9XJB,,3.8,13.0,traditional bengal cotton & silk soft jamdani saree - beautiful bokul design work - 5.5 metres saree without blouse piece
PASUM'S,,899.0,1999.0,B0FVYBLY2F,,,,women handloom booti work cotton dhakai jamdani soft pure cotton silk sarees ethnic saree for traditional with blouse piece festival wear
WoodenTant,,2061.0,4500.0,B084CVCRFX,,3.7,134.0,cotton silk saree
SGF11,,1295.0,647.5,B0DF32V33N,,4.2,179.0,kanjivaram pure soft silk designer saree with blouse piece
Saree Niketan,,1099.0,3299.0,B0BTBLXV7Y,,4.0,13.0,traditional bengal cotton silk jamdani saree (white)
dB DESH BIDESH,,1375.0,5488.0,B094H5Q6ZC,,3.6,170.0,women`s bengal handloom tant soft dhakai jamdani cotton saree whole body design without blouse piece
BASANA SAREE KUTHIR,,889.0,5499.0,B0G4DWGRK4,,,,trendy elegant jamdani saree for with traditional motifs without blouse piece
dB DESH BIDESH,,646.0,1953.0,B07XX1BYZJ,,3.8,27.0,women`s rangabati resham dhakai jamdani pure cotton handloom saree without blouse piece
dB DESH BIDESH,,597.0,4599.0,B0CT41699L,,4.0,5.0,"women`s new dhakai jamdani sarees handloom silk saree saree for wedding, function banarasi zari design jamdani new, collection saree party, wear sari latest sarees"
Bengal looms India Weaves of Elegance,,1899.0,4735.0,B0D7QDPTXF,,4.2,16.0,tantuja inspired traditional floral nakshi butta work soft jamdani saree
Rnn Saree,,899.0,2999.0,B0F63MT57N,,4.2,3.0,pakhi lata cotton silk dhakai jamdani saree
Bengal looms India Weaves of Elegance,,1989.0,4724.0,B0D3B14DGV,,3.2,10.0,tantuja inspired traditional karat nakshi work soft jamdani saree
BENGAL HANDLOOM,,999.0,4899.0,B0DRVZFK6L,,3.7,9.0,mina soft cotton jamdani saree
Saree Niketan,,799.0,2699.0,B0BCX9Q4RJ,,3.6,72.0,traditional bengal cotton silk jamdani saree
PASUM'S,,1399.0,1999.0,B0G25VP82B,,,,women handloom soft copper joriwork dhakai jamdani cotton silk saree with rich pallu ethnic for party festival traditional indain with blouse piece
Moumita's Saree,,1129.0,3399.0,B0BVBSWH5N,,3.5,30.0,traditional bengal cotton silk soft traditional jamdani saree
SWORNOF,,854.0,3999.0,B0DTZ1L721,,4.5,209.0,linen silk saree | saree with unstitched blouse | saree with blouse piece | soft and skin friendly
QUETZAL HANDLOOM SAREE,,999.0,2499.0,B0BTHF9B8H,,3.7,27.0,kantha stitch handloom assam silk jamdani saree with blouse
TANTLOOM,,1199.0,4599.0,B0CZL22T2G,,5.0,2.0,women`s resham dhakai jamdani cotton handloom saree motif design jamdani saree
Fratona,,599.0,4499.0,B0F9WWDCX7,,3.4,11.0,kanjivaram soft silk banarasi saree with blouepiece
WoodenTant,,2536.0,4500.0,B0C2VZ5QZ7,,4.8,22.0,women?s cotton silk dhakai jamdani saree without blouse piece
Anchol,,999.0,3499.0,B0CNN2D2JR,,3.8,32.0,saree traditional bengal cotton silk jamdani saree.
Mayabi,,999.0,1999.0,B0FHQGK5MH,,4.6,3.0,"soft dhakai jamdani saree with blouse piece (0.8m separately provided), pure cotton silk, lightweight all occasion wear, korat border"
PASUM'S,,999.0,2499.0,B0GFNV8TM5,,,,women handloom printed cotton blend dhakai jamdani silk saree with traditional motif pallu ethnic for party festival indain blouse piece
WoodenTant,,2536.0,4500.0,B0C2VYP67T,,3.9,3.0,women’s cotton silk copper zari dhakai jamdani saree without blouse piece_(yellow & red)
BASANA SAREE KUTHIR,,1400.0,4999.0,B0FTXRR51J,,,,trending jamdani saree bengal handloom tant soft cotton whole body design without blouse piece
BENGAL HANDLOOM,,699.0,4649.0,B0B5PLFZZB,,3.9,102.0,exclusive dhakai allover soft pakhi jamdani sarees
ENRUBBY,,748.0,1999.0,B0FPM4C5W2,,4.0,34.0,pure spun linen cotton saree jamdani saree with attach unstitch blouse piece
dB DESH BIDESH,,490.0,2199.0,B091Q7246H,,3.6,87.0,"women`s cotton tant jamdani sarees for wedding, party with floral print combination breathable ready to wear saree tant jamdani georgette soft cotton sari without blouse piece"
SWORNOF,,1498.0,4999.0,B0GCNQ6V6Z,,,,cotton jamdani silk saree with unstitched boluse piece
C J Enterprise,,499.0,999.0,B0D8GYHB4M,,3.8,1.0,pure soft kanjivaram silk saree for wedding banarasi style sari with blouse piece (vruksh-50)
dB DESH BIDESH,,719.0,5999.0,B0FPG4MKR3,,3.0,2.0,"cotton silk handloom cotton jamdani sarees golden party, wear saree latest, ragini design new, collection tant cotton linen dhakai muslin sarees"
Mayabi,,1799.0,2499.0,B0DVLNCYQB,,,,traditional dhakai jamdani saree with blouse piece (unstitched)
dB DESH BIDESH,,572.0,5999.0,B0GF9717F5,,,,soft cotton tricolour handloom saree trendy republic day tiranga jamdani saree crepe mulmul mysore silk chiffon georgette flag sarees
Anchol,,899.0,2199.0,B0DFMMRVC7,,3.4,5.0,"bengal cotton silk soft jamdani saree - exclusive traditional design, quality saree with blouse piece"
Piyari Fashion,,496.0,1599.0,B0C854K4PH,,4.4,7.0,self design bollywood cotton silk jamdani saree without blouse piece (green)
Laxmi Handloom,,999.0,3999.0,B0C39FN26W,,4.3,10.0,traditional bengal soft cotton silk jamdani with kantha stitch saree without blouse piece
dB DESH BIDESH,,479.0,2999.0,B0CHF7BHXZ,,4.0,25.0,"women`s cotton silk soft dhakai jamdani sarees resham silk party, wear sarees diamond queen chikankari jamdani silk saree for wedding, jamdani latest, sarees"
PASUM'S,,1249.0,1999.0,B0G6ZS6Q1W,,,,women pure cotton silk handloom soft ful bahar dhakai jamdani ethnic saree for traditional with blouse piece
BENGAL HANDLOOM,,499.0,49900.0,B0CCJ6YG8B,,3.5,10.0,cotton silk dhakai bbd3 soft jamdani sarees
Generic,,1999.0,7200.0,B0GFPLBPTB,,,,"muslin jamdani silk saree, gold color, contrast zari border with minakari and zari weaves design, lightweight and transparent, party and festival wear"
BENGAL HANDLOOM,,999.0,3449.0,B0BSWFW4X6,,3.2,19.0,cotton silk angur dhakai allover soft jamdani sarees
CRAFTONI,,499.0,1999.0,B0CHFC91SN,,4.0,1.0,soft pure cotton silk handloom resham dhakai jamdani saree bengal exclusive hand woven sari
WoodenTant,,1786.0,4500.0,B0B9T54YGG,,3.3,21.0,women?s soft resham dhakai jamdani saree without starch and without blouse piece
dB DESH BIDESH,,549.0,4999.0,B0FPFWCJB1,,4.0,2.0,"women cotton silk tant handloom saree mysore party, wear sarees latest, design wedding, banarasi design georgette saree soft silk cotton midnight zari sarees"
SGF11,,1597.0,8999.0,B0DVPXHCQP,,4.2,326.0,kanjivaram patola soft pure silk sarees with unstitched blouse piece
dB DESH BIDESH,,1419.0,5999.0,B0CHFBNBSG,,3.1,3.0,soft dhakai jamdani cotton silk saree for wedding party.wear trending mayur pekhom banarasi mysore silk saree handloom linen georgette chiffon jamdani cotton saree
Rnn Saree,,899.0,3999.0,B0F8R8HKDN,,,,banalata flower cotton silk dhakai jamdani saree without blouse
YOGA SILKS GARMENTS,,1249.0,1599.0,B0FNR6T8Y6,,,,pochampally soft silk kerela onam special saree
Yashika,,795.0,1799.0,B0DT978BTD,,,556.0,banarasi kanjivaram cotton silk saree with unstitched blouse material
ZILVIRA,,499.0,1599.0,B0FCSBGJHT,,,,litchi silk zari jacquard saree with unstitched blouse
SATIKA VASTRAM,,1424.0,1999.0,B0CN6F88ZX,,,29.0,tussar silk handloom saree with rich weaving pallu and border running unstitched blouse piece
SWORNOF,,999.0,3999.0,B0FBMJXNRC,,,383.0,silk kanjivaram kanchipuram saree with blouse piece
MADHUHANSH,,1499.0,3999.0,B0DNQB64NR,,,56.0,pure kanjivaram silk saree banarasi silk saree with blouse piece
SilkNest,,2399.0,5000.0,B0GNHGQN3P,,,,"pochampally saree, traditional handloom silk saree with ikat pattern, green and grey with zari border"
AKHILAM,,1299.0,4799.0,B0C1ZMNY1Z,,,93.0,tussar silk ikat printed saree with unstitched blouse piece
SWORNOF,,1199.0,4999.0,B0B3XB5S8C,,,2.0,kanjivaram banarasi silk saree kanchipuram patola saree
RADHA LAKSHMI,,999.0,4999.0,B09R2H8BR8,,,265.0,radha lakshmi kanjivaram soft banarasi silk saree with blouse piece(parent colour)
ZILVIRA,,694.0,3999.0,B0D41YK529,,,4.0,dola silk digital foil printed saree with unstitched blouse
SAREE MALL,,599.0,2049.0,B0CS6QLLXB,,,163.0,ajrak block print dola silk saree with unstitched blouse piece
MIMOSA,,999.0,5199.0,B0DN6PGKHK,,,,woven design pochampally style art silk saree with blouse piece
AKHILAM,,799.0,3499.0,B0D8FXSMWN,,,65.0,multicolor crepe ajrak printed saree with unstitched blouse piece (kajrkh386001_rj_parent)
Bengal looms India Weaves of Elegance,,12548.0,21824.0,B0CV5QBC5K,,,,"ikkat pochampally silk saree in daisy white, deep blue and black - with blouse piece"
SGF11,,1499.0,8999.0,B0BRPSM4SF,,,1.0,kanjivaram pure soft silk handloom saree pure golden zari with blouse piece
Neyge,,1499.0,5999.0,B0BG557MTM,,,1.0,irkal ilkal kanjivaram traditional handloom silk saree border zari butta floral motifs rich pallu unstitched blouse pattu
SATIKA VASTRAM,,1424.0,2599.0,B0D2RQZZ65,,,11.0,tussar silk handloom saree with rich weaving pallu and border running blouse piece
Pandadi Saree,,2149.0,5999.0,B0D4QT1C2V,,,10.0,woman's pure paithani silk saree with unstitched blouse piece
SATIKA VASTRAM,,1614.0,3599.0,B0CQCLY733,,,,tussar silk saree silver and copper zari weave temple border ikkat pallu fancy butti with blouse piece
SWORNOF,,749.0,5999.0,B0D8FZW8VG,,,258.0,kanjivaram banarasi silk saree for patola festival wedding silk with rich pallu design sarees with blouse piece
SilkNest,,2399.0,5000.0,B0GNH943YZ,,,,"pochampally silk saree, traditional ikat pattern, blue and pink multicolor, handwoven silk with golden border"
Viswaveda,,11998.0,11998.0,B0CS6SVP1W,,,,pochampally handloom silk tie & dye ikat saree with green pallu with blouse (blue) (v14pp011)
SATIKA VASTRAM,,949.0,1599.0,B0FND95NDM,,,1.0,tussar silk saree kashmiri floral print with zari weaving border designer pallu attach blouse piece
ZILVIRA,,3999.0,5999.0,B0FZCHNC96,,,,ikkat patola handloom weaving cotton silk saree with unstitched blouse
Vintro,,1919.0,5079.0,B0GJTHS5BZ,,,,elegant pochampally silk saree with traditional gold zari border with unstiched blouse piece
SWORNOF,,1499.0,3999.0,B0F1KN9T55,,,140.0,kanjivaram banarasi silk saree for patola festival wedding silk with rich pallu design sarees with blouse piece
AARZA,,1579.0,5239.0,B0DGXKK7YW,,,,rachna digital worli printed pattu silk saree
TUSHANA,,999.0,2599.0,B0DD7WH5SM,,,1.0,patola saree soft dola silk zari thread weaving contrast border and ikkat floral designer pallu attach blouse piece
TUSHANA,,999.0,2599.0,B0FJFZ6YK1,,,1.0,dola silk saree kalamkari floral print zari weaving border printed pallu with blouse piece
HerClozet,,5650.0,9850.0,B0DHCKKF7Y,,,,pochampally ikkat silk saree
SATIKA VASTRAM,,949.0,1799.0,B0DPQYWHK1,,,,bandhej design tussar silk saree ikkat printed zari weaving border designer pallu attach blouse piece
AKHILAM,,599.0,2129.0,B0BZS6QK3T,,,715.0,ajrak block print dola silk saree with unstitched blouse piece
Glory Sarees,,499.0,4500.0,B0825BYCJR,,,2.0,woven pure soft kanjivaram silk saree banarasi style with blouse piece for wedding
SATIKA VASTRAM,,949.0,1999.0,B0FC6QCJS6,,,,tussar silk saree beautiful leheriya pattern zari weaving border designer pallu attach blouse piece
Generic,,3499.0,5999.0,B0CVTWCZBF,,,1.0,asa fashion pochampally double ikat weave handloom cotton saree
ZILVIRA,,449.0,3999.0,B0D5QXK6CF,,,3.0,"banarasi kanjivaram jacquard, art silk saree with unstitched blouse"
Bengal looms India Weaves of Elegance,,17934.0,31190.0,B0D4J2YTWG,,,,handwoven ikkat pochampally silk saree
PHEASANT,,599.0,2999.0,B0G4VMXHLQ,,,,woman's banarasi silk saree
SAREE MALL,,1949.0,7999.0,B0CCLF7JK4,,,26.0,ikat patola silk saree with unstitched blouse piece (shahip606_rw_parent)
AYYAPPASILK,,999.0,1999.0,B0DTTVWTGF,,,18.0,"ikat silk print saree elegant handwoven traditional saree with vibrant patterns, perfect for festivals, weddings, and special occasions"
SATIKA VASTRAM,,949.0,1599.0,B0CYH61T8K,,,11.0,kashmiri print tussar silk saree with unstitched blouse piece for all occasions
SATIKA VASTRAM,,999.0,2599.0,B0FM7JP2T7,,,1.0,tussar silk saree beautiful floral digital print zari woven border designer printed pallu with blouse piece
Bengal looms India Weaves of Elegance,,18199.0,33666.0,B0D4J3BYPL,,,,"bengal looms india-handwoven designer rangkart ikkat pochampally silk saree in off white, black, dark green and multicolored"
Pandadi Saree,,1979.0,3999.0,B0CBSJ1YBK,,,9.0,pure soft kanchivaram paithani silk saree with unstitched blouse piece
RADHA LAKSHMI,,999.0,4699.0,B0C3MRQTFR,,,84.0,handicrafts ikat hand block print pure soft cotton mulmul saree white multi colour with blouse piece (ikkat spec green musterd)
C J Enterprise,,899.0,999.0,B0DCGFVP73,,,95.0,women’s pure soft cotton saree linen for silk sarees latest party design wear kalamkari wedding sadi with blouse piece sari south mulmul ikkat mul print 2025 new (yatri yellow blue)
SELORA,,1499.0,2200.0,B0G4QP749N,,,,"maheshwari silk saree with kalamkari design, mustard yellow with maroon contrast zari border and blouse"
Generic,,3149.0,5299.0,B0FCDD592Q,,,,saree maheshwari silk hand block print saree with blouse piece – red & cream floral pattern
Generic,,1699.99,2499.0,B0GFDSQBNX,,,,"maheshwari silk cotton saree , pink with contrast green border and pallu, traditional handloom with golden zari motifs, free size, includes blouse piece"
Taneira,,5499.0,5499.0,B0FJFY5YW6,,,,maheshwar woven silk cotton saree with unstitched blouse piece (orange-saph01aa5777)
Very Much Indian,,5849.0,8999.0,B0CGLZJMYY,,,,"handloom cotton silk maheshwari sarees with sleek golden border includes blouse piece for for ethnic, casual, festive, wedding and engagement"
Drapify,,1999.0,2999.0,B0FPMLCWCF,,,,maheshwari hand block print silk saree with zari and blouse piece
Taneira,,5499.0,5499.0,B0GNMLZJSY,,,,orange pure silk cotton maheshwari woven saree
Charkha Silk,,1299.0,1999.0,B0F3CHNRJQ,,,,bhagalpuri kota art silk cotton gold zari herringbone border rouket design boota saree maheshwari style
JINELIYA FASHION,,899.0,1899.0,B0FRLVDFS8,,,,elegant silk saree with golden zari border traditional & festive saree
VASTTRAM,,999.0,2999.0,B0F88G2YSV,,,,soft dola kanjivaram kanchi pattu kanchipuram banarasi desinger maheshwari silk saree with blouse piece
leeza store,,619.0,2999.0,B08JC7XJV8,,,,women’s cotton silk blend maheshwari saree with golden zari ethnic motifs & blouse piece | traditional woven saree | 5.5 m saree + 0.8 m blouse
PHEASANT,,499.0,2999.0,B0DX77LH2X,,,,"women art silk woven kanjivaram jacquard saree, pink with gold zari motifs"
Generic,,1550.0,1950.0,B0F6Y7X13S,,,,maheshwari funky print saree| blue silk saree| zari border saree| with running blouse piece
Taneira,,5499.0,5499.0,B0FCYDH8KT,,,,maheshwar woven silk cotton saree with unstiched blouse piece (pink-shg09b00013r)
SGF11,,959.0,5999.0,B0CDQ9W896,,,,kanjivaram soft lichi silk saree with blouse piece
Drapify,,2399.0,3999.0,B0FPBT6VPC,,,,maheshwari silk bagru print boutique saree with zari and with blouse piece
SAREE MALL,,599.0,2349.0,B0DNZMC3CX,,,,bhagalpuri silk ikat printed saree with unstitched blouse (34wom34901_hs_parent)
Chowdhrain,,7000.0,7000.0,B0CBVN65WR,,,,bagh print maheshwari saree | silk cotton| print handcrafted saree | pallu bagh print |maheshwari silk saree with blouse piece| saree
Anuttara,,1449.0,8499.0,B0FJY4SHW8,,,,bhagalpuri multicolor silk blend leheriya with maheshwari border ethnic saree with blouse
leeza store,,1199.0,2999.0,B08THRCNHC,,,,tissue silk silver zari floral motifs saree with blouse piece
NandaVanam,,2080.0,2600.0,B0GHJS31VM,,,,"chettinad cotton sarees with jari border | chettinad cotton saree with blouse | soft, comfort pure cotton sarees | light weight sarees for daily use all occasion wear"
Generic,,1227.0,1395.0,B0G4R3DXP1,,,,women double block printed maheshwari silk saree| red silk saree| floral printed saree| with blouse
Generic,,1349.0,1999.0,B0D4RCW4B7,,,,tipu handloom bhagalpuri maheswari cotaan silk saree free size
Spun & Woven,,3100.0,3100.0,B0FNJNFLY4,,,,"silk saree collection | lightweight soft traditional drapes with timeless elegant designs | ideal for festivals, casual outings, parties, weddings & special occasions"
Stotra,,6350.0,9500.0,B0FNRSLPJ8,,,,maroon maple leaf design block printed maheshwari semi silk saree
ORHANS,,1549.0,8411.0,B0FMQ6GYQL,,,,woven design soft silk kanjieevaram banarasi traditional indian saree with unstitched blouse piece
C J Enterprise,,549.0,999.0,B0F8W6KRW7,,,,banarasi saree pure kanjivaram style silk saree with blouse piece for wedding (bs09)
Generic,,2699.0,4699.0,B0FCFHBGCX,,,,"saree maheshwari silk block print saree traditional geometric print, white with red border and block print design"
DOI MOI,,2899.0,10999.0,B0DB5C62C6,,,,pure maheshwari silk hand dyed banarasi sari with unstitched blouse piece(maheshwarisilk-5)
Eddika,,4800.0,8500.0,B0D4M1ZLPC,,,,hand block printed maheshwari silk saree 6.3 m including blouse piece
Banerjee Fashion,,1449.0,1900.0,B0FKBPCNM8,,,,traditional maheshwari muga cotton silk saree with zari border blouse piece for wedding (green)
SELORA,,1599.0,2500.0,B0GKY9KNC8,,,,"maheshwari silk saree, black and maroon, zari weaving border, traditional saree"
manvish drapes,,1477.0,2999.0,B09FHJMWWP,,,,gadwal silk cotton saree | buttas and peacock border sari | south indian kerala wear with unstitched blouse piece
Generic,,1227.0,1395.0,B0G4QQZWWW,,,,maheshwari silk double block saree| light brown saree| with running blouse piece| floral printed
Generic,,599.0,1699.0,B0DYF6TF7S,,,,handwoven maheshwari silk saree – ethnic & luxurious
Generic,,2000.0,4000.0,B0FSRFYLHD,,,,"maheshwari silk traditional tie-dye saree with gold border, red yellow maroon"
Generic,,2499.0,4200.0,B0FCD719LM,,,,"women s' saree traditional maheshwari silk saree with block print design, white and gold border, geometric pattern"
Anuttara,,2799.0,10999.0,B0FQJRF2YJ,,,,cream bhagalpuri tusser silk maheshwari border solid ethnic saree with blouse
Generic,,1227.0,1395.0,B0G4R1585D,,,,women maheshwari double block printed saree| block print saree| with running blouse piece| maheshwari silk sari
Avantika Fashion,,649.0,1999.0,B096LZG587,,,,woven kanjivaram soft lichi silk embellished banarasi saree with blouse piece
STB-SILK TEXTILES BHAGALPUR,,840.0,1850.0,B0DH97478V,,,,bhagalpuri pure kota doria silk saree with small zari boder and running blouse piece free size
SWORNOF,,765.0,5999.0,B0DK7QWQN5,,,,cotton silk saree for patola festival wedding silk with blouse piece
AKHILAM,,1999.0,8979.0,B0DNZMPMLR,,,,silk blend ethnic motif printed saree with unstitched blouse (pdmkmal719_rw_parent)
Generic,,995.0,1599.0,B0CCSML59R,,,,mysore silk sarees
NandaVanam,,1970.0,2700.0,B0FPRG6PD2,,,,"chettinad cotton sarees tower border | pure cotton saree with blouse | soft, comfort sarees | cotton sarees daily use all occasion wear"
Monjolika Fashion,,799.0,6999.0,B09Z6YQL9Z,,4.0,2.0,banarasi silk blend woven zari with tussles saree and jacquard woven blouse piece (37765 color)
Shiv Textiles,,628.0,2399.0,B07T2RVRTW,,3.9,3.0,banarasi silk saree
C J Enterprise,,499.0,999.0,B0C1SPQJH1,,3.9,2.0,kanjivaram art silk saree soft banarasi style sari with blouse piece for wedding (pari122-51)
Mehrang,,1329.0,3999.0,B0D2G61G7F,,4.2,569.0,cotton banarasi silk saree with unstitched blouse piece
SIRIL,,599.0,2419.0,B0D5HTZX4G,,3.5,213.0,kanjivaram silk saree pure silk with blouse
SWORNOF,,999.0,3999.0,B099NX2BGX,,4.0,1.0,kanjivaram banarasi silk saree for festival wedding silk with rich pallu design sarees with unstitched blouse piece
Fratona,,799.0,4499.0,B0FCMWW7K3,,4.0,31.0,soft semi silk banarasi saree and unstitched blouse piece with jacquard zari woven stylish | traditional sarees
SWORNOF,,899.0,4999.0,B0C1SQ3RBQ,,4.0,1.0,kanjivaram silk saree with zari woven saree with blouse piece
SIRIL,,628.0,2535.0,B0DCS5S3Q5,,4.0,141.0,banarasi silk saree pure silk saree with unstitched blouse piece
Shiv Textiles,,419.0,1425.0,B0BNL527CL,,3.9,806.0,banarasi art silk saree
SIRIL,,498.0,2599.0,B0FFZ6QK6T,,3.7,218.0,banarasi soft silk saree with unstitched blouse piece
SIRIL,,729.0,3073.0,B0D5HYS4D6,,3.8,102.0,banarasi soft silk saree pure silk with unstitched blouse piece
SIRIL,,478.0,2535.0,B0DNTCGLLQ,,3.3,237.0,pongal special banarasi silk saree soft kanjivaram sari with blouse piece
SIRIL,,728.0,2919.0,B0D5HWW9CF,,3.8,105.0,banarasi soft silk saree pure silk with unstitched blouse piece
AKHILAM,,949.0,4049.0,B0BNF2Q1H3,,4.0,712.0,woven design zari work banarasi silk saree with unstitched blouse piece
Yashika,,449.0,1799.0,B0CDQDCWSD,,4.0,1.0,trendy banarasi kanjivaram navy color art silk saree with blouse material
AKHILAM,,1349.0,5049.0,B0D11BMYSK,,4.1,361.0,silk blend woven design saree with blouse piece
Sugathari,,499.0,2299.0,B0CYSMN9LB,,3.9,672.0,banarasi saree pure kanjivaram silk saree soft new ladies 2023 design wear pattu sarees latest party sari collections with blouse piece for wedding sadi (san pari-182 dark green)
SAMAH,,485.0,1819.0,B0D47K3YY6,,4.1,578.0,banarasi silk jacquard saree with unstitched blouse piece
Sugathari,,499.0,2299.0,B0CRZ3H8CQ,,4.2,585.0,banarasi saree pure kanjivaram silk saree soft new ladies 2023 design wear pattu sarees latest cotton party sari collections with blouse piece for wedding sadi (sam pari-113)
SWORNOF,,1199.0,4999.0,B0FNDD6G71,,4.3,95.0,banarasi silk saree with unstitched blouse piece
SGF11,,898.0,449.0,B0CHYGLQ9Z,,4.1,214.0,leriya patola soft lichi silk banarasi sarees with blouse piece
Yashika,,498.0,1799.0,B0FFTM91RY,,4.3,257.0,banarasi kanjivaram silk woven saree | animal printed patola silk saree
C J Enterprise,,548.0,2999.0,B0C65BHS93,,3.9,889.0,pure kanjivaram silk saree banarasi soft sari with blouse piece for wedding (pari124-50)
Rekha Maniyar,,1102.0,4999.0,B09MWDWB2S,,4.1,686.0,women’s banarasi silk saree with unstitched blouse | woven zari floral foil print design | 5.5 m saree with 0.8 m blouse | festive & casual
SIRIL,,1359.0,4899.0,B0DZ2VX9Z5,,4.2,96.0,banarasi silk jacquard zari work saree with unstitched blouse piece
SWORNOF,,999.0,5999.0,B0DS9KKWNK,,4.1,710.0,kanjivaram banarasi silk saree zari woven for festival wedding silk with rich pallu design sarees with unstitched blouse piece
MANOHARI,,1798.0,9999.0,B0BZ88HXV5,,4.0,1.0,most trendy jacquard work woven saree with unstitch blouse piece
SIRIL,,1699.0,6299.0,B0DRNKY8YN,,3.5,21.0,banarasi soft silk saree pure silk kanjivaram saree with unstitched blouse piece
Yashika,,348.0,1799.0,B0C58FBDWG,,3.8,1.0,women cotton saree
Sugathari,,499.0,2499.0,B0CKTGM8M2,,4.0,446.0,banarasi saree pure kanjivaram silk saree soft new ladies 2023 design wear pattu sarees latest cotton party sari collections with blouse piece for wedding sadi (sam pari-100)
Sidhidata,,682.0,2999.0,B0D9FWQQFT,,4.2,652.0,kanjivaram banarasi soft silk saree with unstitched blouse piece (silk box flower)
Sugathari,,499.0,2499.0,B0DWJS6Q4H,,3.8,202.0,banarasi saree pure kanjivaram silk saree soft new ladies 2025 design wear pattu sarees latest sadi party sari collections with blouse piece (san pari-225)
MANOHARI,,998.0,7999.0,B0D7D1NP4T,,4.0,226.0,"trendy banarasi woven saree with heavy jacquard work, elegant design, silk saree with maching lace border unstitched blouse piece for weddings & festive occasions"
MANOHARI,,2399.0,9999.0,B0CW5P1LS6,,3.7,789.0,banarasi silk traditional saree with unstitch heavy blouse piece
Sugathari,,499.0,2499.0,B0CKL6QN29,,4.1,633.0,banarasi saree pure kanjivaram silk saree soft new ladies 2023 design wear pattu sarees latest cotton party sari collections with blouse piece for wedding sadi (pari 164 wine)
SIRIL,,1529.0,6919.0,B0D8WFFH6H,,3.2,76.0,kanjivaram silk saree pure silk banarasi saree with unstitched blouse piece
Sugathari,,499.0,2499.0,B0DWJYLQ4H,,3.8,347.0,banarasi saree pure kanjivaram silk saree soft new ladies 2025 design wear pattu sarees latest sadi party sari collections with blouse piece (san pari-224)
Monjolika Fashion,,899.0,4699.0,B09HQVH5GB,,3.8,839.0,banarasi silk blend woven work tussles saree with unsttiched blouse piece (monjolika 45560_color)
SIRIL,,998.0,4999.0,B0G1XZT9ZH,,4.2,3.0,banarasi work silk saree with unstitched blouse pieces (4782s116-green)
C J Enterprise,,549.0,2999.0,B0F29MZ5HH,,3.7,318.0,pure kanjivaram soft silk saree banarasi style sarees for wedding with blouse piece (pari-165)
SGF11,,1595.0,5999.0,B0B6FHTHQC,,4.1,2.0,kanjivaram woven soft silk saree with blouse piece
SIRIL,,1489.0,6299.0,B0DRKBHP17,,3.7,138.0,kanjivaram silk saree pure silk banarasi saree with unstitched blouse piece
C J Enterprise,,499.0,999.0,B0CZ9QTV8V,,3.7,965.0,soft pure kanjivaram silk saree for wedding banarasi cotton sari with blouse piece (yatri-51)
Yashika,,449.0,1799.0,B0DS8LK8Q6,,3.9,330.0,banarasi kanjivaram cotton silk woven saree with unstitched blouse material
SIRIL,,999.0,4099.0,B0DRNKFCN2,,3.6,29.0,kanjivaram silk saree pure silk banarasi saree with unstitched blouse piece
SIRIL,,816.0,3265.0,B0DNT7LJMZ,,3.6,426.0,kanjivaram silk saree jacquard banarasi sari with blouse piece for wedding
SIRIL,,433.0,2150.0,B0D5HV54L5,,4.0,89.0,printed silk saree with unstitched blouse piece
Yashika,,499.0,1799.0,B0DWSMYPTF,,4.0,460.0,women banarasi kanjivaram silk saree set with blouse |saree | saree | new sari
C J Enterprise,,549.0,2999.0,B0F9LFLJYK,,3.9,186.0,banarasi saree pure kanjivaram style silk saree with blouse piece for wedding (pari 121)
Yashika,,499.0,1799.0,B0FTZ5GW4B,,4.5,56.0,pure kanjivaram silk saree soft banarasi style wedding with blouse piece | saree | new sari
C J Enterprise,,499.0,999.0,B0D5RD9GMT,,3.8,977.0,pure banarasi soft silk saree kanjivaram style sarees with blouse piece for wedding (kerigola-51)
VJ Fashion,,499.0,1599.0,B0D3Y73PT6,,4.0,540.0,women woven soft silk saree with blouse piece_freesize
Yashika,,499.0,1799.0,B0G4RB2BPB,,4.2,147.0,women’s banarasi art silk saree with traditional woven motifs | elegant ethnic indian sari
Pujia Mills,,2479.0,3000.0,B0DSJ7DSBZ,,3.9,7.0,banarasi golden zari woven saree for wedding south indian ethnic wear saree peshwai woven zari pure paithani silk saree for bridal with blouse soft wedding saree with blouse piece
Sugathari,,499.0,2299.0,B0D41LJCF7,,3.9,335.0,pure kanjivaram silk saree banarasi silk saree with blouse piece (sam pari s-7)
Shiv Textiles,,469.0,1248.0,B0F5B9VSJZ,,4.0,53.0,kanjivaram art silk saree soft banarasi style sari with blouse piece for wedding
Yashika,,449.0,1799.0,B0CRF5NW33,,3.7,620.0,fancy banarasi kanjivaram art silk saree with blouse pieces|| az-ys-og-ashoka-p
Sugathari,,499.0,2499.0,B0DWJVH11K,,4.1,109.0,banarasi saree pure kanjivaram silk saree soft new ladies 2025 design wear pattu sarees latest sadi party sari collections with blouse piece (san pari-222)
Avantika Fashion,,361.0,3499.0,B0CY2FGVC3,,3.6,105.0,kanjivaram soft semi silk banarasi sarees with blouse piece.
Yashika,,473.0,1799.0,B0DS8JY35Z,,4.2,65.0,banarasi kanjivaram cotton silk woven saree with unstitched blouse material
C J Enterprise,,548.0,999.0,B0C4TMZPHV,,4.2,820.0,kanjivaram silk sari pure banarasi soft silk sarees with blouse piece for wedding (pari100-51)
Yashika,,599.0,1799.0,B0FFTK6YKT,,4.7,124.0,banarasi kanjivaram art silk saree|sarees ethnic wear
Sugathari,,499.0,1799.0,B0FM78ZKCR,,4.4,25.0,"indigo blue banarasi kanchipuram silk saree – traditional wedding & party saree with blouse piece – ethnic indian silk saree for bridal, festive (ks-102)"
Amazon Brand - Tavasya,,969.0,2599.0,B0G43YHJQV,,,,banarasi soft silk saree pure silk with unstitched blouse piece
Avantika Fashion,,571.0,3499.0,B0CY1PZLTK,,3.3,11.0,kanjivaram soft pure silk banarasi sarees with blouse piece
EthnicJunction,,498.0,1996.0,B0CLDQRTHT,,4.1,984.0,paithani silk blend woven saree with blouse piece |wedding saree | red saree
Sidhidata,,449.0,2999.0,B0C4Z4LT9D,,3.5,720.0,textile banarasi soft silk saree with unstitched blouse piece (free size)
C J Enterprise,,549.0,2999.0,B0F6JFLCJ9,,3.6,261.0,banarasi saree pure kanjivaram style silk saree with blouse piece for wedding (shiv-1)
MANOHARI,,2399.0,11349.0,B0DXVVS6BR,,4.0,30.0,"trendy banarasi satin silk woven saree with heavy jacquard work, elegant design, silk saree with maching lace border unstitched blouse piece for weddings & festive occasions"
SIRIL,,479.0,2612.0,B0DNTBK6WV,,4.0,138.0,banarasi soft silk saree pure silk with unstitched blouse piece
C J Enterprise,,499.0,999.0,B0FCMF6F1V,,4.1,303.0,banarasi saree pure kanjivaram style silk saree with blouse piece for wedding (bs09)
MANOHARI,,1899.0,9499.0,B0F3TJNV2V,,3.9,18.0,"trendy banarasi soft silk woven saree with heavy jacquard pattern, elegant design, silk saree with unstitched jacquard blouse piece for weddings & festive occasions"
Sugathari,,499.0,1799.0,B0FM7DCGQ9,,4.3,51.0,"maroon banarasi kanchipuram art silk saree – traditional wedding & party saree with blouse piece – ethnic indian silk saree for bridal, festive (ks-156)"
dB DESH BIDESH,,694.0,5499.0,B0F2J6XXJ9,,4.4,11.0,"cotton silk saree pure kanjivaram banarasi party, wear silk sari handloom cotton sarees mine rajoshree latest, mulmul cotton sarees bandhani with blouse piece"
Monjolika Fashion,,699.0,3999.0,B0D4VL1RB7,,3.8,28.0,traditional banarasi silk saree with embellished design comes with unstitched blouse piece
MIRCHI FASHION,,489.0,1899.0,B0851G389S,,3.9,,mirchi fashion
arriva fab,,834.0,2999.0,B08FTBHM65,,4.0,,arriva fab
Vinayak Textile,,799.0,1598.0,B0GDQK4WSK,,,,vinayak textile
AKHILAM,,1649.0,5999.0,B0BRZZ5DM1,,3.6,,akhilam
dB DESH BIDESH,,704.0,4299.0,B091HTPNTB,,3.8,,db desh bidesh
EthnicJunction,,499.0,2283.0,B0FGD3CF9B,,,,ethnicjunction
AKHILAM,,1899.0,7649.0,B0DTKNQYGK,,4.2,,akhilam
Vinayak Textile,,1699.0,3398.0,B0GDQTLC41,,,,vinayak textile
TRENDMALLS,,2080.0,9999.0,B0B5CWGDDB,,3.8,,trendmalls
TRENDMALLS,,5129.0,15499.0,B0FL6TKLQG,,3.9,,trendmalls
HESVI,,655.0,1499.0,B0CQYJ4S2N,,3.9,,hesvi
AKHILAM,,1999.0,8249.0,B0F1RGBRF5,,3.4,,akhilam
Garden Vareli,,756.0,1375.0,B0FKG3YNMF,,,,garden vareli
dB DESH BIDESH,,491.0,2199.0,B0FLRDRB19,,3.6,,db desh bidesh
AKHILAM,,501.0,2349.0,B0GK9DCWW3,,,,akhilam
RANI SAAHIBA,,1499.0,2999.0,B0C8DBBXDX,,3.8,,rani saahiba
SIRIL,,819.0,3519.0,B0BXXWKK52,,4.1,,siril
AKHILAM,,1399.0,6399.0,B0F4428QZG,,3.3,,akhilam
Amazon Brand - Tavasya,,659.0,1599.0,B0G2SJFY37,,3.4,,amazon brand - tavasya
Flosive,,906.0,4500.0,B0DBQ3T8QY,,3.7,,flosive
Vinayak Textile,,1499.0,2998.0,B0GDQYKZDX,,,,vinayak textile
Satrani,,699.0,3429.0,B0CB4DFNRQ,,4.2,,satrani
AKHILAM,,1899.0,7479.0,B0DQ57VC2W,,3.3,,akhilam
VAIRAGEE,,849.0,2249.0,B0D295DYK9,,3.7,,vairagee
AKHILAM,,799.0,3099.0,B0DTKPMKGC,,3.6,,akhilam
Arkia,,1999.0,4999.0,B0GDG4MTNC,,,,arkia
Pujia Mills,,759.0,3000.0,B0BDWSXK7T,,3.9,,pujia mills
AKHILAM,,1599.0,5879.0,B0D2Y38HFH,,3.6,,akhilam
Generic,,1699.0,3398.0,B0GDQSHGQC,,,,generic
AKHILAM,,1999.0,7999.0,B0BP1TZNJH,,4.4,,akhilam
MIRCHI FASHION,,389.0,2799.0,B08YWZZDFJ,,3.6,,mirchi fashion
AKHILAM,,2849.0,12349.0,B0D7ZV9XCV,,3.9,,akhilam
MIRCHI FASHION,,429.0,2799.0,B0DJ2N3WK4,,3.8,,mirchi fashion
Jaanvi fashion,,999.0,2999.0,B0DN1W48HK,,4.0,,jaanvi fashion
dB DESH BIDESH,,652.0,4999.0,B09DXHB4YP,,3.7,,db desh bidesh
Stylum,,978.0,3599.0,B0CJYFNNPD,,4.3,,stylum
Garden Vareli,,756.0,1375.0,B0FR8QSZKT,,5.0,,garden vareli
Yashika,,999.0,1999.0,B0G7YSHCSG,,,,yashika
Garden Vareli,,756.0,1375.0,B0FKGK35BS,,4.0,,garden vareli
Sugathari,,499.0,1799.0,B0CF2FTV96,,3.9,,sugathari
SIRIL,,429.0,2099.0,B0FHWPCDPJ,,3.6,,siril
AKHILAM,,1799.0,7249.0,B0DSBR3W1Q,,3.4,,akhilam
arriva fab,,878.0,4299.0,B0B4G6794S,,4.2,,arriva fab
Yashika,,599.0,1799.0,B0G39F21RS,,3.8,,yashika
TRENDMALLS,,3305.0,12999.0,B0CX13VWPS,,3.8,,trendmalls
Garden Vareli,,756.0,1375.0,B0FR9JRJXL,,,,garden vareli
Ekasya,,1729.0,4749.0,B0CZ6GFNY1,,3.7,,ekasya
SGF11,,461.0,23050.0,B0C9CGBMRR,,3.7,819.0,kanjivaram soft cotton linen silk saree with blouse piece
SIRIL,,699.0,3299.0,B0F1V45B99,,4.0,228.0,cotton linen printed saree with unstitched blouse piece
HAIDER ALI AND SONS,,702.0,1850.0,B0DFY6RBMH,,4.2,51.0,handloom | bhagalpuri linen slub saree with zari boder and running bp |
SWORNOF,,673.0,2599.0,B0DV357YWC,,4.1,113.0,linen cotton silk saree with unstitched blouse piece | saree | saree with blouse piece | soft and skin friendly
Ki2 FASHION,,599.0,1699.0,B0FJYBWPB9,,4.0,65.0,women digital printed linen cotton zari border saree with unstitched blouse piece
NIRAVE FASHION,,445.0,1999.0,B0FV3MGQWJ,,3.2,5.0,"cotton linen saree , yellow with black geometric border, traditional indian wear"
HAIDER ALI AND SONS,,702.0,1850.0,B0D81KSK4H,,3.6,77.0,haider ali bhagalpuri linen cotton saree |linen slub ethnic wear saree for (with blouse) |
RAJESHWAR FASHION WITH RF,,499.0,2999.0,B0G4V53NF9,,3.7,12.0,rajeshwar fashion ( linen cotton saree with digital floral print and latkan work | casual wear | linen cotton | flower design | unstitched blouse |lotus
ZECVA,,788.0,5999.0,B0DYV98L23,,3.7,425.0,pure soft spun cotton lichi silk saree with attach unstitch blouse piece
SIRIL,,879.0,3699.0,B0FFMFG6J2,,4.3,34.0,cotton linen embroidery work saree with unstitched blouse piece
Generic,,799.0,2499.0,B0DRH9J8HD,,3.6,115.0,cotton linen saree with gold-toned zari work & unstitched blouse piece
SIRIL,,1199.0,4699.0,B0F7R1S2D8,,4.1,82.0,cotton linen printed handloom saree with unstitched blouse piece
HAIDER ALI AND SONS,,702.0,1850.0,B0D81GV1LT,,4.1,26.0,bhagalpuri linen cotton saree with blouse | handloom ethnic wear
MARGI DESIGNERS,,999.0,2999.0,B0FM8PVT5T,,4.0,38.0,new latest bollywood style linen cotton floral printed fancy lace border saree with blouse | saree for
SGF11,,815.0,4999.0,B0CF1T8332,,3.9,649.0,kanjivaram soft cotton linen silk saree with blouse piece
STB-SILK TEXTILES BHAGALPUR,,697.0,1850.0,B0BGFHNVDC,,4.0,139.0,bhagalpuri linen saree with blouse piece
MADHUHANSH,,999.0,2499.0,B0DNQ538X8,,4.4,178.0,kashmiri cotton patola saree | cotton saree | sarees with unstitched blouse | saree with blouse piece | soft and skin friendly
SGF11,,1297.0,4999.0,B0D4MFXZBY,,4.3,462.0,kanjivaram soft cotton linen silk saree with unstitched blouse piece
Sidhidata,,699.0,2999.0,B0D9FXPTM1,,3.8,58.0,printed linen cotton saree with unstitched blouse piece (st chuimui white_white_free size)
Ki2 FASHION,,599.0,1999.0,B0DSG5W66X,,4.3,28.0,women linen cotton digital printed saree with blouse piece_freesize
Sidhidata,,649.0,2999.0,B0DHVBJ9C1,,3.4,175.0,polka dot printed linen cotton saree with unstitched blouse piece (laddu_free size)
Femori,,849.0,1999.0,B0FJY1SLDC,,3.2,17.0,"pure linen cotton saree with kalamkari print border, navy blue with floral design, matching blouse piece"
SIRIL,,1199.0,4699.0,B0F7RH3X1J,,4.1,25.0,cotton linen printed handloom saree with unstitched blouse piece
SIRIL,,649.0,2199.0,B0F8P1RHL3,,4.4,11.0,cotton linen ikkat printed saree with unstitched blouse piece
STB-SILK TEXTILES BHAGALPUR,,721.0,1850.0,B0D988JWQF,,3.6,127.0,linen slub saree with contrast blouse piece
HAIDER ALI AND SONS,,702.0,1850.0,B0D92DNV5H,,3.8,106.0,pure linen ethnic wear saree for (with blouse)_
Rekha Maniyar,,676.0,2999.0,B09BZRDTMT,,4.0,317.0,jacquard linen saree with unstitched blouse piece (silverlinen)
Pujia Mills,,639.0,3000.0,B0FCYR54TH,,3.5,32.0,soft linen slab sarees with jaquard work with unstitched blouse piece
SOORPRIYA,,999.0,3999.0,B0DV5J4DRH,,4.1,16.0,new linen cotton floral printed saree with blouse
HAIDER ALI AND SONS,,711.0,2250.0,B08YXJFKQS,,3.8,361.0,stylish and elegant linen slub saree with blouse piece for every occasion (pack of 1 - green)
RAJESHWAR FASHION WITH RF,,599.0,2999.0,B0GGHWQKXS,,,,handloom linen ajrak printed saree with tassels on edges & attached blouse piece | 5.5 meter saree + 0.8 meter blouse
SIRIL,,878.0,3799.0,B0F6Y74B2F,,3.8,108.0,printed cotton linen one minute ready to wear saree with unstitched blouse piece
NIRAVE FASHION,,474.0,1999.0,B0G2M373XT,,3.8,5.0,"designer linen cotton saree with digital print floral border, mustard yellow and brown, unstitched blouse piece"
HMP Fashion,,663.0,2999.0,B0G4WBCBY2,,5.0,2.0,"linen silk saree, floral pattern, royal ethnic print, with linen slub silk blouse piece"
ANAND SAREES,,412.0,412.0,B0GD7T3H3G,,3.5,3.0,printed cotton linen saree with unstitched blouse piece
Anaya Handloom,,576.0,1999.0,B081TYX5PC,,3.7,470.0,"bhagalpuri linen saree with blouse piece (anw0147_blue, sky blue)"
NIRAVE FASHION,,445.0,1999.0,B0FRMNC4VH,,3.8,6.0,"traditional linan cotton saree, digital print design, white and olive green, floral pattern"
RAJESHWAR FASHION WITH RF,,499.0,2999.0,B0G4WVCN1T,,3.0,8.0,"rajeshwar fashion lime green floral print linen cotton saree with contrast pallu, tassel border, traditional summer festive with blouse piece"
Silk Zone,,702.0,1850.0,B09DQ8RX3G,,4.1,34.0,"bhagalpuri linen saree with blouse piece (cs 28_sky blue parrot, green)"
ENRUBBY,,799.0,1999.0,B0FHJLSGD2,,4.0,34.0,pure spun linen cotton saree jamdani saree with attach unstitch blouse piece
NIRAVE FASHION,,474.0,1999.0,B0G2S33VKT,,4.8,5.0,"handloom cotton linen saree with rainbow striped pattern, white base with multicolor stripes, traditional indian wear with unstitched blouse piece"
ALMAARI FASHION,,699.0,5999.0,B0DPKNFM1W,,4.6,8.0,handloom linen floral printed saree with tassels on edges & attached blouse piece | 5.5 meter saree + 0.8 meter blouse
ONTIC,,498.0,999.0,B0FB8TJHW9,,3.3,33.0,"linen saree with white daisy floral print, with blouse"
SIRIL,,879.0,3899.0,B0F5WPHDZM,,3.8,127.0,printed cotton one minute ready to wear saree with unstitched blouse piece
Rekha Maniyar,,1199.0,3750.0,B0DBVSPBYL,,4.4,42.0,linen hand gota woven saree with unstitched blouse piece (jayshree_vol2_parent)
STB-SILK TEXTILES BHAGALPUR,,697.0,1850.0,B07WQP8KGQ,,3.8,47.0,bhagalpuri linen saree with blouse piece (stb 025-sr_orange)
Rnn Saree,,499.0,2999.0,B0FF581FNK,,3.9,57.0,floral embroidered handloom pure cotton saree
SIRIL,,478.0,2281.0,B0B4SPH4L9,,3.6,514.0,cotton printed saree with unstitched blouse piece
BEAUTY SAREE,,499.0,1999.0,B0DZDQCKYP,,4.2,99.0,"women cotton saree with blouse piece., multicolor 5.5 meter with running blouse"
EthnicJunction,,429.0,1659.0,B08YNLS6KX,,4.1,1700.0,art silk kalamkari print saree with blouse piece
SIRIL,,329.0,1381.0,B0D7W9KM72,,3.4,260.0,cotton printed saree with unstitched blouse piece
AKHUGA,,480.0,1196.0,B0FBVT54Y5,,3.8,55.0,lilan cotton saree with white daisy floral prints tassel pallu lightweight summer saree
SIRIL,,459.0,3471.0,B0B4SPFY6L,,4.0,266.0,printed cotton saree with unstitched blouse piece
Flosive,,469.0,4500.0,B0CKKZ9VJB,,3.2,470.0,beautiful mix color green kanjivaram silk saree with zari weaving with blouse
Generic,,499.0,1499.0,B0FV982781,,3.5,11.0,"traditional cotton khadi handloom saree, brown with geometric border, cotton blend, traditional style, rahina model, formal wear"
Yashika,,498.0,1799.0,B0D7ZVTDQQ,,4.0,546.0,banarasi kanjivaram cotton silk jaquard saree printed saree with unstitched blouse material - suitable for all indian occasions and festivals
Flosive,,469.0,234.0,B0F1N923XK,,3.6,60.0,cotton saree with blouse piece
Piyari Fashion,,499.0,999.0,B0G5PSTX1X,,3.5,6.0,traditional pure cotton handloom solid colour saree with running blouse piece &tassel
Generic,,599.0,3999.0,B0FWXSYY87,,4.5,2.0,vaishnavi handicrafts hand block print jaipuri cotton mulmul saree with blouse piece | cotton saree & girls
Yashika,,349.0,1799.0,B07PM6LWY1,,3.9,1700.0,women cotton saree
MIRCHI FASHION,,489.0,2999.0,B0C8HM3D6D,,3.6,320.0,women kota doria cotton paisley blocks printed saree with blouse piece
VJ Fashion,,499.0,1599.0,B0D3X6PQWJ,,4.0,540.0,women woven soft silk saree with blouse piece_freesize
StyleScope,,699.0,2999.0,B0DCSHBW1G,,4.1,104.0,assam cotton silk golden boarder thread embroidered saree with unstitched blouse piece (ulajh)
Generic,,499.0,2499.0,B0F5GSG12X,,4.1,24.0,cotton blend handloom khadi small border saree with unstitched blouse pices by saptak fashion 5.5m saree & 0.8m cotton blouse pices.
SIRIL,,479.0,2099.0,B0DRSHYLJ9,,3.8,75.0,bagalpuri silk saree | varli printed saree with unstitched blouse piece
SIRIL,,476.0,2199.0,B0F2Z46PD5,,3.8,207.0,cotton printed saree with unstitched blouse piece
ALMAARI FASHION,,866.0,5999.0,B0DTKNCYVF,,4.0,175.0,handloom cotton floral printed saree with tassels on edges & attached blouse piece | 5.5 meter saree + 0.8 meter blouse
SGF11,,862.0,431.0,B0CTXFQNLF,,3.9,649.0,kanjivaram soft cotton linen silk saree with blouse piece
WILLFE,,779.0,1999.0,B0FCG2VWKR,,3.7,82.0,cotton soft silk sarees | jamdani cotton saree with attach unstitched blouse piece
SIRIL,,479.0,2199.0,B0DPSNP7PK,,4.2,91.0,bhagalpuri silk warli printed saree with unstitched blouse piece
SIRIL,,879.0,3899.0,B0F5WSCVWB,,3.8,127.0,printed cotton one minute ready to wear saree with unstitched blouse piece
Kjs,,474.0,999.0,B0D8J2TR5C,,3.8,112.0,khaadhi cotton blended kalamkari printed saree | beautiful blend of tradition and style | printed saree with running blouse | wgaja p
SWORNOF,,849.0,3500.0,B09GHJSQL4,,4.2,3700.0,lucknowi chikankari linen cotton woven sarees with blouse sarees
DURGA HANDLOOMS,,768.0,1100.0,B09WK6TSKX,,4.1,455.0,"cotton soft handloom saree, without blouse piece, 6 meters, twin colours"
ENRUBBY,,749.0,1999.0,B0FKYD9928,,4.0,34.0,pure spun linen cotton saree jamdani saree with attach unstitch blouse piece
Generic,,299.0,999.0,B0GG4M62PS,,5.0,1.0,cotton floral print saree with silver zari border
Sidhidata,,789.0,2999.0,B0DPNBX9TV,,4.1,170.0,cotton silk jacquard boardered saree with unstitched blouse piece (kalyani)
C J Enterprise,,599.0,999.0,B0DSLH3CJQ,,3.6,321.0,pure soft kanjivaram cotton silk saree banarasi style with blouse piece for wedding (cotton-lavender)
Generic,,499.0,1999.0,B0F5HQC375,,4.2,42.0,relax fit cotton blend love border handloom saree with unstitched blouse pices by saptak fashion 5.5m saree & 0.8m(cotton blouse pices).
SIRIL,,1199.0,4699.0,B0F7R1N744,,4.1,82.0,cotton linen printed handloom saree with unstitched blouse piece
SWORNOF,,889.0,4999.0,B0DV9N77HS,,4.2,170.0,cotton silk saree for patola festival wedding silk with blouse piece
MIRCHI FASHION,,489.0,349.0,B08JQF7GQZ,,3.8,4300.0,cotton blend saree with unstiched blouse piece
Shivanya Handicrafts,,769.0,1799.0,B08537RCGH,,4.1,1000.0,indigo print cotton mulmul saree attached blouse piece (indigo)
MIRCHI FASHION,,478.0,2599.0,B0BMFR9VYX,,3.6,431.0,stylish cotton abstract printed saree with blouse piece
Yashika,,573.0,1799.0,B0FTZBH116,,4.3,556.0,banarasi kanjivaram cotton silk saree with unstitched blouse material
SWORNOF,,764.0,4999.0,B0FQJW6MPK,,4.1,113.0,linen cotton silk saree with unstitched blouse piece | saree | saree with blouse piece | soft and skin friendly
SIRIL,,379.0,1699.0,B0F8ZV83Q5,,3.4,114.0,cotton blend printed saree with unstitched blouse piece
MIRCHI FASHION,,450.0,351.0,B08HR8M236,,3.8,2000.0,cotton blend mix 2-tone foil printed saree with blouse piece
Puspika,,299.0,999.0,B0FW4PPKWX,,4.6,6.0,pure cotton printed saree with blouse | festive special green
Generic,,799.0,2499.0,B0FG1FGV9Y,,3.6,115.0,cotton linen saree with gold-toned zari work & unstitched blouse piece
Sidhidata,,399.0,2999.0,B08L6RR9XX,,3.8,3000.0,kota doria pure cotton saree with unstiched blouse piece
Crafts Moda,,699.0,1999.0,B0D9YR8Z5Q,,4.1,211.0,hand block ajrakh print cotton saree with blouse | soft comfortable wear sari
MADHUHANSH,,1899.0,6999.0,B0D78R8D86,,4.3,337.0,kashmiri cotton patola saree | cotton saree | sarees with unstitched blouse | saree with blouse piece | soft and skin friendly
Rajnandini,,499.0,1497.0,B083ZD59Y5,,3.8,469.0,cotton silk woven check print traditional saree with blouse piece
SUPERLAXMI,,379.0,1999.0,B0D1R9HBTJ,,3.8,430.0,"self design kanjivaram jacquard, art silk saree"
Yashika,,349.0,1799.0,B0CR92GKNM,,3.9,618.0,banarasi kanjivaram silk woven saree with blouse material|| pongal special south indian kerala sarees
Yashika,,799.0,1799.0,B0DT9GGY1N,,4.5,676.0,chanderi floral digital print chandheri saree with unstitched blouse material
RATAN,,649.0,2199.0,B09BNMTXSB,,3.8,828.0,pure cotton printed mul mul saree
Yashika,,498.0,1799.0,B0DS8GX45Z,,4.0,460.0,women banarasi kanjivaram silk saree set with blouse |saree | saree | new sari
dB DESH BIDESH,,641.0,4199.0,B0B4D1JB5H,,4.0,388.0,women’s pure cotton handloom bengali khesh malmal saree with unstitched blouse piece chiffon mysore silk saree saree
Yashika,,398.0,1799.0,B0DD4CZMRJ,,4.0,182.0,solid white color and gold border cotton blend saree with unstitched blouse material - special for pongal onam festival (az-ys-og1-pongal onam white)
Yashika,,449.0,1799.0,B0CY88N8Z2,,3.6,117.0,saree
C J Enterprise,,799.0,999.0,B0D8YSD1XF,,3.6,169.0,women’s pure soft cotton saree linen for kalamkari silk sarees latest party design wear wedding sadi with blouse piece sari south mulmul ikkat mul print 2025 new (kalamkari) (grey)
Vanedik,,699.0,3999.0,B0FY6ZR9L6,,4.2,17.0,cotton mulmul saree with blouse piece | soft cotton saree (pink)
Generic,,599.0,3999.0,B0FVFKNT51,,4.4,11.0,"vaishnavi handicrafts soft cotton mulmul saree with blouse piece, lightweight sari, printed cotton mulmul saree (flower print)"
arriva fab,,834.0,2999.0,B08436WP6R,,4.0,3800.0,kutchi work embroidered exclusive wear sare
Crafts Moda,,799.0,1999.0,B0CQ53JFR3,,4.2,195.0,"cotton saree with unstitched blouse piece, lightweight mulmul sari"
Yashika,,499.0,1799.0,B0FQNSPS3X,,4.0,116.0,women malgudi silk ajrak printed saree |saree | saree | new sari | latest saree
Yashika,,449.0,1799.0,B0DS8JDK2H,,3.9,330.0,banarasi kanjivaram cotton silk woven saree with unstitched blouse material
WOMEN ELEGENCE,,595.0,1299.0,B0GDFM6RRQ,,2.5,2.0,bollywood style cotton silk saree with majestic blouse piece
Yashika,,499.0,1799.0,B0FQNQSH32,,4.6,129.0,georgette floral printed saree with unstitched blouse piece |saree | new sari | latest saree
ALMAARI FASHION,,699.0,3299.0,B0DPHXFJDP,,3.9,56.0,women’s handloom linen floral printed saree with tassels & attached blouse | 5.5m saree length + 0.8m blouse
DEVIKA TEXTILES,,1424.0,1999.0,B0CX9FR3C7,,4.2,158.0,avani border narayanpeth pure handloom cotton sarees with running blouse piece for
VJ Fashion,,369.0,1499.0,B0DVLSCLSH,,3.8,371.0,women kerala silk blend saree with blouse piece_freesize
Yashika,,599.0,1799.0,B0DPQBKVD3,,4.5,39.0,digital print cotton silk blend saree with silver weaving border and tassels - elegant ethnic wear for festive and casual occasions
Generic,,490.0,1199.0,B0GHLNRX4Q,,1.0,1.0,handloom cotton khadi saree | solid maroon soft cotton saree with contrast border | 5.5 meter with blouse piece
Yashika,,449.0,1799.0,B0CDQB919L,,4.0,1900.0,trendy banarasi kanjivaram navy color art silk saree with blouse material
Tant Vastra,,939.0,3199.0,B0D2RNRVYY,,4.3,99.0,traditional bengal tant pure cotton design border & butta tant saree without blouse piece
Mehrang,,1199.0,3999.0,B0D2G4LGXC,,4.2,569.0,cotton banarasi silk saree with unstitched blouse piece
SIRIL,,429.0,1900.0,B0B7K57FLB,,3.6,630.0,"tassel, printed cotton saree with blouse"
SIRIL,,918.0,4099.0,B0F8VDTGV1,,3.7,16.0,cotton linen sequence saree with unstitched blouse piece
Veerji SAREES,,399.0,999.0,B0F7HVH42G,,4.2,43.0,veerji tradition women cotton saree for summer collection
AKHILAM,,899.0,3899.0,B0F7DZ2Z9P,,3.7,51.0,cotton geometric printed saree with unstitched blouse piece (pumpum15_sr_parent)
T.J. SAREES,,1149.0,2599.0,B0DK3RP617,,4.2,21.0,handloom authentic bengal handloom plain soft pure cotton sarees with blouse piece
WoodenTant,,917.0,2400.0,B0BR1KW4TN,,4.2,38.0,women’s cotton tant saree with starch and bright solid border without blouse piece.
SIRIL,,919.0,4099.0,B0FCXXHHS7,,3.5,78.0,chanderi cotton printed ready to wear with pocket saree with unstitched blouse piece
RADHA LAKSHMI,,999.0,3899.0,B0C94914VQ,,4.0,370.0,handicrafts hand block bandhani print pure soft cotton mulmul saree grey multi colour zari border with blouse piece (rangat grey)
TAMAIRA FASHION,,569.0,2999.0,B0DDTG97C2,,3.8,44.0,printed pure cotton mulmul saree without blouse piece(2501_parent)
AKHILAM,,849.0,3499.0,B0DHH649HY,,4.1,79.0,multicolor crepe ajrak printed saree with unstitched blouse (kajrkh386001_rj11_parent)
SIRIL,,1199.0,4699.0,B0F7RJ3Q42,,4.1,12.0,cotton linen printed handloom saree with unstitched blouse piece
Generic,,499.0,1999.0,B0D472JCP8,,4.1,89.0,pure poly cotton soft handloom multicolr saree with blouse pices by saptak fashion 5.5m saree & 0.8m cotton blouse pices.
dB DESH BIDESH,,646.0,4199.0,B0C6N11K7M,,4.1,119.0,"women`s pure soft dhakai jamdani handloom cotton silk saree for wedding, function trendy saree party, wear fancy georgette golden zari work |saree | new sari latest sarees"
MIRCHI FASHION,,565.0,430.0,B0BZJK4L6K,,3.8,287.0,stylish cotton blend ajrak digital printed saree with blouse piece
Generic,,1299.0,1999.0,B0FMSTSNB2,,4.0,55.0,dhiha gadwal cotton saree | pure kalyani cotton saree with zari border tassels & blouse | kanjivaram linen silk | handloom weave
Yashika,,599.0,600.0,B0CRHLN79W,,3.8,1000.0,banarasi kanjivaram art silk saree with blouse material
Yashika,,498.0,1799.0,B0DD4B9SR7,,3.9,575.0,zari woven cotton silk jacquard saree with unstitched blouse material
dB DESH BIDESH,,595.0,2999.0,B08RCKD1XX,,3.9,176.0,women`s bengal tant pure handloom cotton saree potrobinnas design without blouse piece
Rnn Saree,,599.0,2999.0,B0FYGR5YYT,,4.0,14.0,women tant handloom pure cotton saree
SARADA HANDLOOM,,499.0,1690.0,B0FG19TK7Y,,3.8,35.0,"designer cotton saree with floral print blouse, maroon and mint green, tasseled"
SIRIL,,919.0,3999.0,B0F4RBG1H7,,3.6,38.0,pure cotton batik printed ready to wear saree with unstitched blouse piece
T.J. SAREES,,1099.0,2599.0,B0DK3Q1K3P,,3.9,39.0,handloom authentic bengal handloom plain soft pure cotton sarees with blouse piece
DHIHA,,1299.0,2999.0,B0FXVK7JG2,,4.1,13.0,original maheswari cotton silk saree | kanjivaram pure silk cotton sari with blouse | zari work | tassels | handloom weave
Panzora,,844.0,2999.0,B0F7LJSXN3,,4.4,14.0,mulmul cotton block print ready to wear one minute saree with unstitched blouse piece
Sidhidata,,589.0,2999.0,B0979CYT78,,3.8,1500.0,kota doria cotton manipuri saree with unstitched blouse piece
Yashika,,1299.0,1799.0,B0FTZ8JHTY,,5.0,3.0,pure kanjivaram silk saree soft banarasi style wedding with blouse piece | saree | new sari
SIRIL,,329.0,1535.0,B0DKCZ55FQ,,4.1,7.0,cotton blend | geometric printed saree | zari stripe border saree with unstitched blouse piece (3774s176a-red)
KANCHNAR,,299.0,1381.0,B07GR69CWB,,3.4,2600.0,cotton silk gold stripes kota doria saree
MIRCHI FASHION,,449.0,356.0,B08K96T37H,,3.7,3400.0,linen colorfull colorblock printed saree
dB DESH BIDESH,,367.0,2199.0,B09DLCWXCJ,,3.6,141.0,women`s bengal tant kerala print design pure handloom cotton saree without blouse piece
Marabout,,269.0,1299.0,B0B49Z7G6B,,,,women new fashionable yellow bandhani cotton printed saree with yellow blouse
Yashika,,499.0,1799.0,B0F18DTMK4,,4.1,109.0,banarasi kanjivaram cotton silk woven saree with unstitched blouse material
Panzora,,708.0,2199.0,B0FC25XQJ8,,,,mulmul cotton ikkat printed saree with unstitched blouse piece
Generic,,1199.0,1999.0,B0DH3C6M1Y,,4.4,84.0,gadwal cotton sarees
Astita,,1709.0,4997.0,B0FDKQ4436,,4.0,20.0,elegant linen cotton saree with woven thread border & pallu | soft traditional look for festive gifting & everyday elegance – with unstitched blouse piece
Sidhidata,,299.0,2999.0,B0FYP2VLFB,,3.9,37.0,cotton blend saree with tassels & unstitched blouse piece (double line_free size)
RATAN,,749.0,2399.0,B0DXV9NQW9,,3.8,112.0,pure cotton printed mul mul saree with blouse piece
SIRIL,,1074.0,4099.0,B0DSHXYT3B,,3.8,65.0,cotton silk ikkat printed saree with unstitched blouse piece
dB DESH BIDESH,,572.0,2599.0,B0B8W6MF38,,4.2,155.0,women`s cotton saree handloom sarees cotton tant cotton sarees phulkoli design handloom sarees cotton without blouse piece
SIRIL,,919.0,3999.0,B0F4RCKCDN,,4.2,745.0,satin silk hot fixing stone work saree with unstitched blouse
Sidhidata,,699.0,2999.0,B0F4K3HFD7,,3.3,8.0,cotton blend floral print saree with tassel detailing & comes with unstitched blouse piece (gulab_free size)
SIRIL,,689.0,3073.0,B0DFYQ2MCX,,3.8,57.0,pure cotton printed saree with unstitched blouse piece
MIRCHI FASHION,,699.0,3999.0,B0DPQMJHKC,,4.1,69.0,cotton blend floral printed saree with blouse piece
MIRCHI FASHION,,599.0,434.0,B0D73N78LF,,4.1,141.0,silk blend aztec printed saree with blouse piece
dB DESH BIDESH,,630.0,3280.0,B09DYG1L4P,,3.7,324.0,"women`s pure soft cotton handloom saree trendy, khadi polka dot cotton silk saree daily, wear fancy sadi winter wedding party, farewell silk sarees banarasi zari border sarees"
OISHANI SAREE GHOR,,1235.0,3499.0,B0DB8SS188,,4.3,192.0,traditional bengal cotton silk soft jamdani saree - beautiful design and quality - without blouse piece
StyleScope,,639.0,2999.0,B0DN5XXG8Z,,2.6,27.0,polka dot printed linen cotton saree with unstitched blouse piece (laddu_free size)
Yashika,,499.0,1799.0,B0DS8H62WG,,4.2,65.0,banarasi kanjivaram cotton silk woven saree with unstitched blouse material
Yashika,,599.0,1799.0,B0FTZ927ZV,,3.8,24.0,women’s pure kanjivaram silk saree | soft banarasi style wedding saree with blouse piece
